<?xml version="1.0" encoding="UTF-8"?>
<DecviceAbility version="2.0"><BasicCapability version="2.0"><HardwareCapability><HardwareVersion>0x4</HardwareVersion><AlarmInPortNum>5</AlarmInPortNum><AlarmOutPortNum>2</AlarmOutPortNum><RS232Num>1</RS232Num><RS485Num>1</RS485Num><NetworkPortNum>1</NetworkPortNum><USBNum>3</USBNum><FlashSize>16</FlashSize><RamSize>128</RamSize><USBVersion>2.0</USBVersion><HardDiskNum>4</HardDiskNum><SATANum>4</SATANum><VideoInNum>4</VideoInNum><AudioInNum>4</AudioInNum><VideoOutNum>3</VideoOutNum><AudioOutNum>1</AudioOutNum><AudioTalkNum>1</AudioTalkNum><VideoOutSupport>1</VideoOutSupport><ResetSupport>1</ResetSupport><AnalogChannelNum>4</AnalogChannelNum><VGANumber>1</VGANumber><CVBSNumber>1</CVBSNumber><AuxoutNumber>1</AuxoutNumber></HardwareCapability><SoftwareCapability><MaxNetworkHDNum>8</MaxNetworkHDNum><NasSupport>1</NasSupport><NasNumber>8</NasNumber><ShowStringNumber>8</ShowStringNumber><MotionDetectAlarmSupport>1</MotionDetectAlarmSupport><VILostAlarmSupport>1</VILostAlarmSupport><HideAlarmSupport>1</HideAlarmSupport><ShelterSupport>1</ShelterSupport><NtpSupport>1</NtpSupport><PtzSupport>1</PtzSupport><DDNSSupport>1</DDNSSupport><DDNSHostType>0,1,2</DDNSHostType><iSCSISupport>1</iSCSISupport><iSCSINum>1</iSCSINum><MultipleStreamSupport>1</MultipleStreamSupport><SubStreamSupport>1</SubStreamSupport><EmailSupport>1</EmailSupport><SADPVersion>0</SADPVersion><FindFileByEventSupport>1</FindFileByEventSupport><ATMSupport>1</ATMSupport><FileLockSupport>1</FileLockSupport><MaxLoginNum>128</MaxLoginNum><MaxPreviewNum>24</MaxPreviewNum><MaxPlayBackNum>24</MaxPlayBackNum><MaxChanLinkNum>6</MaxChanLinkNum><ShutDownSupport>1</ShutDownSupport><HDgroupConfig>1</HDgroupConfig><RS232Config>1</RS232Config><PPPoEConfig>1</PPPoEConfig><RedundancyRecord>1</RedundancyRecord><UploadFTP>1</UploadFTP><NotSupportDiskQuota>1</NotSupportDiskQuota><SingleStorageMaxCap>16</SingleStorageMaxCap><NeedReboot><ImportConfigurationFileReboot>1</ImportConfigurationFileReboot><EsataUseageChange>1</EsataUseageChange><AlarmInTypeChange>1</AlarmInTypeChange><RestoreConfig>1</RestoreConfig><RS232workModeChange>1</RS232workModeChange><NetPortChange>1</NetPortChange><DhcpEnableChange>1</DhcpEnableChange><HttpPortChange>1</HttpPortChange><PPPoEChange>1</PPPoEChange><NetMultiCastIPChange>1</NetMultiCastIPChange></NeedReboot></SoftwareCapability></BasicCapability><AudioVideoCompressInfo version="2.0"><AudioCompressInfo><Audio><ChannelList><ChannelEntry><ChannelNumber>1</ChannelNumber><MainAudioEncodeType><Range>0</Range></MainAudioEncodeType><SubAudioEncodeType><Range>0</Range></SubAudioEncodeType><EventAudioEncodeType><Range>0</Range></EventAudioEncodeType></ChannelEntry></ChannelList></Audio><VoiceTalk><ChannelList><ChannelEntry><ChannelNumber>1</ChannelNumber><VoiceTalkEncodeType><Range>0</Range></VoiceTalkEncodeType></ChannelEntry></ChannelList></VoiceTalk></AudioCompressInfo><VideoCompressInfo><ChannelList><ChannelEntry><ChannelNumber>1</ChannelNumber><MainChannel><VideoEncodeType><Range>1</Range></VideoEncodeType><VideoResolutionList><VideoResolutionEntry><Index>1</Index><Name>CIF</Name><Resolution>352*288</Resolution><VideoFrameRate>0,1,2,3,4,5,6,7,8,9,10,11,12,13,14,15,16</VideoFrameRate><VideoBitrate><Min>32</Min><Max>768</Max></VideoBitrate></VideoResolutionEntry><VideoResolutionEntry><Index>2</Index><Name>QCIF</Name><Resolution>176*144</Resolution><VideoFrameRate>0,1,2,3,4,5,6,7,8,9,10,11,12,13,14,15,16</VideoFrameRate><VideoBitrate><Min>32</Min><Max>768</Max></VideoBitrate></VideoResolutionEntry></VideoResolutionList><IntervalBPFrame><Range>2</Range></IntervalBPFrame></MainChannel><SubChannelList><SubChannelEntry><index>1</index><VideoEncodeType><Range>1</Range></VideoEncodeType><VideoResolutionList><VideoResolutionEntry><Index>1</Index><Name>CIF</Name><Resolution>352*288</Resolution><VideoFrameRate>0,1,2,3,4,5,6,7,8,9,10,11,12,13,14,15,16</VideoFrameRate><VideoBitrate><Min>32</Min><Max>768</Max></VideoBitrate></VideoResolutionEntry><VideoResolutionEntry><Index>2</Index><Name>QCIF</Name><Resolution>176*144</Resolution><VideoFrameRate>0,1,2,3,4,5,6,7,8,9,10,11,12,13,14,15,16</VideoFrameRate><VideoBitrate><Min>32</Min><Max>768</Max></VideoBitrate></VideoResolutionEntry></VideoResolutionList><IntervalBPFrame><Range>2</Range></IntervalBPFrame></SubChannelEntry></SubChannelList><EventChannel><VideoEncodeType><Range>1</Range></VideoEncodeType><VideoResolutionList><VideoResolutionEntry><Index>1</Index><Name>CIF</Name><Resolution>352*288</Resolution><VideoFrameRate>0,1,2,3,4,5,6,7,8,9,10,11,12,13,14,15,16</VideoFrameRate><VideoBitrate><Min>32</Min><Max>768</Max></VideoBitrate></VideoResolutionEntry><VideoResolutionEntry><Index>2</Index><Name>QCIF</Name><Resolution>176*144</Resolution><VideoFrameRate>0,1,2,3,4,5,6,7,8,9,10,11,12,13,14,15,16</VideoFrameRate><VideoBitrate><Min>32</Min><Max>768</Max></VideoBitrate></VideoResolutionEntry></VideoResolutionList><IntervalBPFrame><Range>2</Range></IntervalBPFrame></EventChannel></ChannelEntry></ChannelList></VideoCompressInfo></AudioVideoCompressInfo><CurrentCompressInfo version="2.0"><ChannelNumber>1</ChannelNumber><VideoEncodeType>1</VideoEncodeType><VideoResolution>0</VideoResolution><VideoFrameRate><Range>0,1,2,3,4,5,6,7,8,9,10,11,12,13,14,15,16</Range></VideoFrameRate><VideoBitrate><Min>32</Min><Max>768</Max></VideoBitrate><SubChannelList><SubChannelEntry><index>1</index><VideoResolutionList><VideoResolutionEntry><Index>1</Index><VideoFrameRate><Range>0,1,2,3,4,5,6,7,8,9,10,11,12,13,14,15,16</Range></VideoFrameRate><VideoBitrate><Min>32</Min><Max>768</Max></VideoBitrate></VideoResolutionEntry><VideoResolutionEntry><Index>2</Index><VideoFrameRate><Range>0,1,2,3,4,5,6,7,8,9,10,11,12,13,14,15,16</Range></VideoFrameRate><VideoBitrate><Min>32</Min><Max>768</Max></VideoBitrate></VideoResolutionEntry></VideoResolutionList></SubChannelEntry></SubChannelList></CurrentCompressInfo><SerialAbility version="2.0"><RS232><RS232Num>1</RS232Num><RS232Entry><baudRate opt="300,600,1200,2400,4800,9600,19200,38400,57600,76800,115.2k"/><dataBit opt="5,6,7,8"/><stopBit opt="1,2"/><parity opt="none,odd,even"/><flowcontrol opt="none,hard,soft"/><workMode opt="narrowBand,console,transparentChan"/></RS232Entry></RS232><RS485><RS485Num>1</RS485Num><RS485Entry><baudRate opt="300,600,1200,2400,4800,9600,19200,38400,57600,76800,115.2k"/><dataBit opt="5,6,7,8"/><stopBit opt="1,2"/><parity opt="none,odd,even"/><flowcontrol opt="none,hard,soft"/><decoderAddress min="0" max="255"/></RS485Entry></RS485></SerialAbility><UserAbility version="2.0"><userNum>16</userNum><userPriority opt="admin,viewer,operator,none"/><userNameLength min="1" max="32"/><userPasswordLength min="1" max="16"/><LocalPermission><permissionType opt="PTZControl,record,playback,parameterConfig,logOrStateCheck,restartOrShutdown,upgrade,backup"/></LocalPermission><RemotePermission><permissionType opt="preview,voiceTalk,alarmOutOrUpload,transParentChannel,contorlLocalOut,PTZControl,record,playback,parameterConfig,logOrStateCheck,restartOrShutdown,upgrade,backup"/></RemotePermission><UserNet><IPV4Address>true</IPV4Address><IPV6Address>true</IPV6Address><MACAddress>true</MACAddress></UserNet><ViewerDefaultPermission><LocalPermission><permissionType opt="PTZControl,record,playback,parameterConfig,logOrStateCheck,restartOrShutdown,upgrade,backup"/></LocalPermission><RemotePermission><permissionType opt="preview,voiceTalk,alarmOutOrUpload,transParentChannel,contorlLocalOut,PTZControl,record,playback,parameterConfig,logOrStateCheck,restartOrShutdown,upgrade,backup"/></RemotePermission></ViewerDefaultPermission><OperatorDefaultPermission><LocalPermission><permissionType opt="PTZControl,record,playback,parameterConfig,logOrStateCheck,restartOrShutdown,upgrade,backup"/></LocalPermission><RemotePermission><permissionType opt="preview,voiceTalk,alarmOutOrUpload,transParentChannel,contorlLocalOut,PTZControl,record,playback,parameterConfig,logOrStateCheck,restartOrShutdown,upgrade,backup"/></RemotePermission></OperatorDefaultPermission></UserAbility><NetAppAbility version="2.0"><NTP><intervalUnit>minute</intervalUnit></NTP><Net><NetworkInterface><networkInterfaceNum>2</networkInterfaceNum><NetworkInterfaceEntry><id>1</id><type opt="10Mbase-T,10MBase-T-full,100MBase-TX,100M-full,10M/100M/1000M-adapt,1000M-full"/><MTU min="500" max="1500"/></NetworkInterfaceEntry><NetworkInterfaceEntry><id>2</id><type opt="10Mbase-T,10MBase-T-full,100MBase-TX,100M-full,10M/100M/1000M-adapt,1000M-full"/><MTU min="500" max="1500"/></NetworkInterfaceEntry></NetworkInterface><multicastIpAddr opt="IPV4,IPV6"/></Net><Email><receiverNum>3</receiverNum><emailTest>true</emailTest></Email><UPNP><NATType opt="manual,auto"/><serverPort><enabled>true</enabled></serverPort><HTTPPort><enabled>true</enabled></HTTPPort><RTSPPort><enabled>true</enabled></RTSPPort></UPNP><FTP><dirLevel opt="rootDir,topDir,subDir"/><topDirMode opt="deviceName,deviceNO,deviceIP,monitor,time"/><subDirMode opt="chanName,chanNO,time,laneNO"/></FTP></NetAppAbility><VideoPicAbility version="2.0"><channelNO>1</channelNO><OSD><ChannelName><enabled>true</enabled></ChannelName><Week><enabled>true</enabled></Week><OSDType opt="xxxx-xx-xxYMD,xx-xx-xxxxMDY,xxxxYxxMxxD,xxMxxDxxxxY,xx-xx-xxxxDMY,xxDxxMxxxxY"/><OSDAttrib opt="1,2,3,4"/><OSDHourType opt="24Hour,12Hour"/></OSD><MotionDetection><regionType opt="grid"/><Grid><VideoFormatP><rowGranularity>18</rowGranularity><columnGranularity>22</columnGranularity></VideoFormatP><VideoFormatN><rowGranularity>15</rowGranularity><columnGranularity>22</columnGranularity></VideoFormatN></Grid><sensitivityLevel min="0" max="5"/><alarmTime>8</alarmTime><alarmHandleType opt="monitor,audio,center,alarmout,picture,uploadftp"/></MotionDetection><VILostDetection><alarmTime>8</alarmTime><alarmHandleType opt="monitor,audio,center,alarmout,picture"/></VILostDetection><HideDetection><HideAreaNum>1</HideAreaNum><HideArea><id>1</id><PAL><AreaX min="0" max="704"/><AreaY min="0" max="576"/></PAL><NTSC><AreaX min="0" max="704"/><AreaY min="0" max="480"/></NTSC></HideArea><sensitivity opt="none,low,middle,high"/><alarmTime>8</alarmTime><alarmHandleType opt="monitor,audio,center,alarmout,picture"/></HideDetection><PrivacyMask><PrivacyMaskAreaNum>4</PrivacyMaskAreaNum><PrivacyMaskArea><id>1</id><PAL><AreaX min="0" max="704"/><AreaY min="0" max="576"/></PAL><NTSC><AreaX min="0" max="704"/><AreaY min="0" max="480"/></NTSC></PrivacyMaskArea><PrivacyMaskArea><id>2</id><PAL><AreaX min="0" max="704"/><AreaY min="0" max="576"/></PAL><NTSC><AreaX min="0" max="704"/><AreaY min="0" max="480"/></NTSC></PrivacyMaskArea><PrivacyMaskArea><id>3</id><PAL><AreaX min="0" max="704"/><AreaY min="0" max="576"/></PAL><NTSC><AreaX min="0" max="704"/><AreaY min="0" max="480"/></NTSC></PrivacyMaskArea><PrivacyMaskArea><id>4</id><PAL><AreaX min="0" max="704"/><AreaY min="0" max="576"/></PAL><NTSC><AreaX min="0" max="704"/><AreaY min="0" max="480"/></NTSC></PrivacyMaskArea></PrivacyMask></VideoPicAbility><JpegCaptureAbility version="2.0"><channelNO>1</channelNO><ManualCapture><ResolutionEntry><resolutionName>CIF</resolutionName><index>0</index></ResolutionEntry><ResolutionEntry><resolutionName>QCIF</resolutionName><index>1</index></ResolutionEntry><ResolutionEntry><resolutionName>4CIF</resolutionName><index>2</index></ResolutionEntry><ResolutionEntry><resolutionName>UXGA</resolutionName><index>3</index></ResolutionEntry><ResolutionEntry><resolutionName>SVGA</resolutionName><index>4</index></ResolutionEntry><ResolutionEntry><resolutionName>HD720P</resolutionName><index>5</index></ResolutionEntry><ResolutionEntry><resolutionName>VGA</resolutionName><index>6</index></ResolutionEntry><ResolutionEntry><resolutionName>XVGA</resolutionName><index>7</index></ResolutionEntry><ResolutionEntry><resolutionName>HD900P</resolutionName><index>8</index></ResolutionEntry><ResolutionEntry><resolutionName>HD1080P</resolutionName><index>9</index></ResolutionEntry><ResolutionEntry><resolutionName>2560*1920</resolutionName><index>10</index></ResolutionEntry><ResolutionEntry><resolutionName>1600*304</resolutionName><index>11</index></ResolutionEntry><ResolutionEntry><resolutionName>2048*1536</resolutionName><index>12</index></ResolutionEntry><ResolutionEntry><resolutionName>2448*2048</resolutionName><index>13</index></ResolutionEntry><ResolutionEntry><resolutionName>2448*1200</resolutionName><index>14</index></ResolutionEntry><ResolutionEntry><resolutionName>2448*800</resolutionName><index>15</index></ResolutionEntry><ResolutionEntry><resolutionName>XGA</resolutionName><index>16</index></ResolutionEntry><ResolutionEntry><resolutionName>SXGA</resolutionName><index>17</index></ResolutionEntry><ResolutionEntry><resolutionName>WD1</resolutionName><index>18</index></ResolutionEntry><ResolutionEntry><resolutionName>1080I</resolutionName><index>19</index></ResolutionEntry><ResolutionEntry><resolutionName>576*576</resolutionName><index>20</index></ResolutionEntry><ResolutionEntry><resolutionName>1536*1536</resolutionName><index>21</index></ResolutionEntry><ResolutionEntry><resolutionName>1920*1920</resolutionName><index>22</index></ResolutionEntry><ResolutionEntry><resolutionName>auto</resolutionName><index>255</index></ResolutionEntry></ManualCapture><SchedCapture><TimingCap><ResolutionEntry><resolutionName>CIF</resolutionName><index>0</index></ResolutionEntry><ResolutionEntry><resolutionName>QCIF</resolutionName><index>1</index></ResolutionEntry><ResolutionEntry><resolutionName>4CIF</resolutionName><index>2</index></ResolutionEntry><ResolutionEntry><resolutionName>UXGA</resolutionName><index>3</index></ResolutionEntry><ResolutionEntry><resolutionName>SVGA</resolutionName><index>4</index></ResolutionEntry><ResolutionEntry><resolutionName>HD720P</resolutionName><index>5</index></ResolutionEntry><ResolutionEntry><resolutionName>VGA</resolutionName><index>6</index></ResolutionEntry><ResolutionEntry><resolutionName>XVGA</resolutionName><index>7</index></ResolutionEntry><ResolutionEntry><resolutionName>HD900P</resolutionName><index>8</index></ResolutionEntry><ResolutionEntry><resolutionName>HD1080P</resolutionName><index>9</index></ResolutionEntry><ResolutionEntry><resolutionName>2560*1920</resolutionName><index>10</index></ResolutionEntry><ResolutionEntry><resolutionName>1600*304</resolutionName><index>11</index></ResolutionEntry><ResolutionEntry><resolutionName>2048*1536</resolutionName><index>12</index></ResolutionEntry><ResolutionEntry><resolutionName>2448*2048</resolutionName><index>13</index></ResolutionEntry><ResolutionEntry><resolutionName>2448*1200</resolutionName><index>14</index></ResolutionEntry><ResolutionEntry><resolutionName>2448*800</resolutionName><index>15</index></ResolutionEntry><ResolutionEntry><resolutionName>XGA</resolutionName><index>16</index></ResolutionEntry><ResolutionEntry><resolutionName>SXGA</resolutionName><index>17</index></ResolutionEntry><ResolutionEntry><resolutionName>WD1</resolutionName><index>18</index></ResolutionEntry><ResolutionEntry><resolutionName>1080I</resolutionName><index>19</index></ResolutionEntry><ResolutionEntry><resolutionName>576*576</resolutionName><index>20</index></ResolutionEntry><ResolutionEntry><resolutionName>1536*1536</resolutionName><index>21</index></ResolutionEntry><ResolutionEntry><resolutionName>1920*1920</resolutionName><index>22</index></ResolutionEntry><ResolutionEntry><resolutionName>auto</resolutionName><index>255</index></ResolutionEntry><interval opt="1,2,3,4,5,6,7,8,9,10"/><RecorderDuration min="0" max="60"/><DayCapture><captureType opt="timing,motion,alarm,motionOrAlarm,motionAndAlarm"/></DayCapture><TimeSlot><slotNum>8</slotNum><captureType opt="timing,motion,alarm,motionOrAlarm,motionAndAlarm"/></TimeSlot><HolidayDay><captureType opt="timing,motion,alarm,motionOrAlarm,motionAndAlarm"/></HolidayDay><HolidayTimeSlot><slotNum>8</slotNum><captureType opt="timing,motion,alarm,motionOrAlarm,motionAndAlarm"/></HolidayTimeSlot></TimingCap><EventCap><eventType opt="motion,hide,loss"/><ResolutionEntry><resolutionName>CIF</resolutionName><index>0</index></ResolutionEntry><ResolutionEntry><resolutionName>QCIF</resolutionName><index>1</index></ResolutionEntry><ResolutionEntry><resolutionName>4CIF</resolutionName><index>2</index></ResolutionEntry><ResolutionEntry><resolutionName>UXGA</resolutionName><index>3</index></ResolutionEntry><ResolutionEntry><resolutionName>SVGA</resolutionName><index>4</index></ResolutionEntry><ResolutionEntry><resolutionName>HD720P</resolutionName><index>5</index></ResolutionEntry><ResolutionEntry><resolutionName>VGA</resolutionName><index>6</index></ResolutionEntry><ResolutionEntry><resolutionName>XVGA</resolutionName><index>7</index></ResolutionEntry><ResolutionEntry><resolutionName>HD900P</resolutionName><index>8</index></ResolutionEntry><ResolutionEntry><resolutionName>HD1080P</resolutionName><index>9</index></ResolutionEntry><ResolutionEntry><resolutionName>2560*1920</resolutionName><index>10</index></ResolutionEntry><ResolutionEntry><resolutionName>1600*304</resolutionName><index>11</index></ResolutionEntry><ResolutionEntry><resolutionName>2048*1536</resolutionName><index>12</index></ResolutionEntry><ResolutionEntry><resolutionName>2448*2048</resolutionName><index>13</index></ResolutionEntry><ResolutionEntry><resolutionName>2448*1200</resolutionName><index>14</index></ResolutionEntry><ResolutionEntry><resolutionName>2448*800</resolutionName><index>15</index></ResolutionEntry><ResolutionEntry><resolutionName>XGA</resolutionName><index>16</index></ResolutionEntry><ResolutionEntry><resolutionName>SXGA</resolutionName><index>17</index></ResolutionEntry><ResolutionEntry><resolutionName>WD1</resolutionName><index>18</index></ResolutionEntry><ResolutionEntry><resolutionName>1080I</resolutionName><index>19</index></ResolutionEntry><ResolutionEntry><resolutionName>576*576</resolutionName><index>20</index></ResolutionEntry><ResolutionEntry><resolutionName>1536*1536</resolutionName><index>21</index></ResolutionEntry><ResolutionEntry><resolutionName>1920*1920</resolutionName><index>22</index></ResolutionEntry><ResolutionEntry><resolutionName>auto</resolutionName><index>255</index></ResolutionEntry><interval opt="1,2,3,4,5,6,7,8,9,10"/><capTimes min="1" max="1"/><eventCapChan opt="1,2,3,4,5,6,7,8,9,10,11,12,13,14,15,16"/><alarmInCapChan opt="1,2,3,4,5,6,7,8,9,10,11,12,13,14,15,16"/></EventCap></SchedCapture></JpegCaptureAbility><RecordAbility version="2.0"><findRecordByCard>true</findRecordByCard><RecordScheduleNum>8</RecordScheduleNum></RecordAbility><EventAbility version="2.0"><channelNO>1</channelNO><ExceptionAlarm><exceptionType opt="diskFull,diskError,nicBroken,ipConflict,illAccess,videoMismatch,badVideo,recordingFailure,raid"/><alarmHandleType opt="audio,center,alarmout,picture"/></ExceptionAlarm><AlarmIn><alarmTime>8</alarmTime><alarmHandleType opt="monitor,audio,center,alarmout,picture,uploadftp"/></AlarmIn><AlarmOut><alarmTime>8</alarmTime><pulseDuration opt="5,10,30,60,120,300,600,manual"/></AlarmOut></EventAbility><PTZAbility version="2.0"><channelNO>1</channelNO><PTZControl><controlType opt="light,wiper,fan,heater,aux1,aux2,zoomIn,zoomOut,focusNear,focusFar,irisOpen,irisClose,ttiltUp,tiltDown,panLeft,panRight,upLeft,upRight,downLeft,downRight,panAuto,panCircle"/></PTZControl><Patrol><patrolNum min="1" max="16"/><presetNum min="1" max="255"/><dwellTime min="1" max="255"/><speed min="1" max="255"/></Patrol><Preset><presetNum min="1" max="255"/></Preset><PTZZoomIn><enabled>true</enabled></PTZZoomIn><Pattern><operateType opt="recordStart,recordStop,run"/><patternID min="1" max="1"/></Pattern></PTZAbility></DecviceAbility>
