<?xml version="1.0" encoding="UTF-8"?>
<DecviceAbility version="2.0">
	<BasicCapability version="2.0">
		<HardwareCapability>
			<HardwareVersion>0x0</HardwareVersion>
			<AlarmInPortNum>4</AlarmInPortNum>
			<AlarmOutPortNum>4</AlarmOutPortNum>
			<RS232Num>1</RS232Num>
			<RS485Num>1</RS485Num>
			<NetworkPortNum>1</NetworkPortNum>
			<FlashSize>512</FlashSize>
			<RamSize>1024</RamSize>
			<VGANumber>8</VGANumber>
			<HDMINumber>8</HDMINumber>
			<CVBSNumber>4</CVBSNumber>
		</HardwareCapability>
		<SoftwareCapability>
			<NtpSupport>1</NtpSupport>
			<PtzSupport>1</PtzSupport>
			<DDNSSupport>1</DDNSSupport>
			<DDNSHostType>0,1,2</DDNSHostType>
			<SADPVersion>0</SADPVersion>
			<MaxLoginNum>128</MaxLoginNum>
			<ShutDownSupport>1</ShutDownSupport>
			<RS232Config>1</RS232Config>
			<NotSupportDiskQuota>1</NotSupportDiskQuota>
			<NeedReboot>
				<ImportConfigurationFileReboot>1</ImportConfigurationFileReboot>
				<RestoreConfig>1</RestoreConfig>
				<RS232workModeChange>1</RS232workModeChange>
			</NeedReboot>
		</SoftwareCapability>
	</BasicCapability>
	<EventAbility version="2.0">
		<channelNO>1</channelNO>
		<ExceptionAlarm>
			<exceptionType opt="nicBroken,ipConflict,illAccess,temperatureException"/>
			<alarmHandleType opt="monitor,audio,center,alarmout"/>
		</ExceptionAlarm>
		<AlarmIn>
			<alarmTime>8</alarmTime>
		<alarmHandleType opt="monitor,audio,center,alarmout"/>
		</AlarmIn>
		<AlarmOut>
			<alarmTime>8</alarmTime>
			<pulseDuration opt="5,10,30,60,120,300,600,manual"/>
		</AlarmOut>
	</EventAbility>
	<NetAppAbility version="2.0">
		<NTP>
			<intervalUnit>minute</intervalUnit> 
		</NTP>
		<Net>
			<NetworkInterface>
				<networkInterfaceNum>1</networkInterfaceNum> 
				<NetworkInterfaceEntry>
					<id>1</id> 
					<type opt="10Mbase-T,10MBase-T-full,100MBase-TX,100M-full,10M/100M/1000M-adapt,1000M-full" /> 
					</NetworkInterfaceEntry>
			</NetworkInterface>
		</Net>
  </NetAppAbility>

</DecviceAbility>
